month,eligible_before_microcap_filter,eligible_after_microcap_filter,eligible_for_six_portfolios,microcap_cutoff,size_break,ep_30,ep_70,n_SG,n_SM,n_SV,n_BG,n_BM,n_BV
2000-01-31,868,607,605,1519870169.0699997,2691000000.0,0.006962706454360332,0.01604684739185015,104,127,72,78,114,110
2000-02-29,880,616,614,1691296696.7099998,3126958205.0,0.00584629835076553,0.014723539010472192,99,129,79,85,117,105
2000-03-31,885,619,617,1900424038.9119997,3463057836.0000005,0.005286712255467026,0.014156294713310466,95,126,88,90,121,97
2000-04-30,893,625,623,2098833276.0,3749760000.0,0.006788085929020487,0.019662645912405092,98,128,86,89,121,101
2000-05-31,901,630,628,2141800960.0,3783049249.65,0.01089797807376027,0.023384730090737407,103,133,78,86,117,111
2000-06-30,903,632,630,2243430427.2,3905175000.0,0.01039587294530826,0.0224235999025128,99,136,80,90,116,109
2000-07-31,912,638,636,2301598419.7949996,3985182365.755,0.010452600609327843,0.022011480547074316,102,146,70,89,108,121
2000-08-31,917,642,640,2406847052.8320003,4166123865.0,0.008184744227817552,0.018486521024359978,107,140,73,85,116,119
2000-09-30,922,645,643,2460028224.258,4052198039.9999995,0.003958642206209642,0.009909552699086136,114,137,71,79,120,122
2000-10-31,928,649,647,2436412533.9999995,3898066549.5,0.004156306126199649,0.010278907162300182,116,137,71,78,122,123
2000-11-30,935,654,652,2515875012.0,3994751705.375,0.004069421710350108,0.01018160082835986,118,137,71,78,123,125
2000-12-31,944,661,659,2652789688.6480002,4303082800.0,0.003924586759011032,0.009433621876019605,116,140,74,82,123,124
2001-01-31,964,675,673,2679958506.549999,4379131900.000001,0.003976684052258295,0.009078745812627508,119,140,78,83,129,124
2001-02-28,982,687,685,2674743727.875,4372447200.0,0.0041662538623205535,0.009418631691916955,126,146,71,80,127,135
2001-03-31,992,694,692,2450505311.3100004,4105473819.4799995,0.0048900332934351184,0.01219639856706439,128,143,75,80,133,133
2001-04-30,1000,700,698,2691224046.675,4416518027.62,0.006712212259248302,0.01695207218426454,127,152,70,83,126,140
2001-05-31,1008,705,703,2681480187.0,4386962892.8,0.008955736386930754,0.0190714182567895,125,157,70,86,124,141
2001-06-30,1004,703,701,2894290192.832,4579808824.12,0.00832879268894885,0.01871818016120797,119,159,73,92,120,138
2001-07-31,1023,716,714,2917976912.64,4598921412.0,0.00846696127007637,0.018363957396213784,121,160,76,93,126,138
2001-08-31,1052,736,734,2532717707.52,3929703500.0,0.007971776123802335,0.019017398993169163,136,150,81,84,144,139
2001-09-30,1062,743,741,2438052375.276,3818045266.0,0.0038959990480971997,0.01149827477921843,144,145,82,79,150,141
2001-10-31,1075,752,750,2280144476.1600003,3630861564.1499996,0.004201392840075086,0.01183820594079869,145,154,76,80,146,149
2001-11-30,1079,755,753,2130681842.3999999,3403595124.410001,0.004415669800508749,0.01273645016754528,146,150,81,80,151,145
2001-12-31,1083,758,756,2273701653.356,3566713700.0,0.004350067324277169,0.012112290986280128,147,149,82,80,153,145
2002-01-31,1092,764,763,2104402681.6000001,3304826900.0,0.005024937211441256,0.012727559364975282,149,150,83,80,155,146
2002-02-28,1094,766,765,1793471750.06,2971398090.0,0.006147728353166936,0.014500389655668598,147,153,83,83,152,147
2002-03-31,1099,769,768,1853453535.9999998,3069813150.0,0.006092204141775418,0.015006910639533272,148,153,83,83,153,148
2002-04-30,1109,776,774,2033305749.64,3304950000.0,0.0070543319313540066,0.02005294488663679,147,154,86,85,156,146
2002-05-31,1104,773,771,2134011178.5,3483587059.68,0.0008268964151317092,0.004658096938109649,137,160,89,95,147,143
2002-06-30,1095,766,764,1938285500.0000002,3126335750.1,0.0009160875957452968,0.005215873673925222,134,161,87,95,145,142
2002-07-31,1099,769,767,2140644000.708,3498243840.0,0.0008253297961641507,0.004641958195598532,135,158,91,95,149,139
2002-08-31,1108,775,774,2047997794.3999999,3349078120.0,0.0009654802626176276,0.005400949225794293,139,159,89,93,151,143
2002-09-30,1113,779,778,2073550375.2799997,3363457525.8,0.0033369104645366503,0.011337314139803243,144,163,82,90,147,152
2002-10-31,1122,785,784,1934317517.83,3166748869.11,0.0036287350970352263,0.012027478375462166,143,169,80,92,145,155
2002-11-30,1126,788,787,1819715400.0,3000000000.0,0.005515547952319485,0.018400710358018265,145,166,83,91,149,153
2002-12-31,1134,794,793,1643404760.0,2786799402.4,0.006066167507382729,0.019878830919579704,145,168,84,93,149,154
2003-01-31,1142,799,798,1552808199.6000001,2630250590.21,0.00635873125069112,0.020955978335358085,148,167,84,92,151,156
2003-02-28,1153,807,806,1721313600.0,2839027500.0,0.005853496261081706,0.01916254521527226,149,168,86,93,154,156
2003-03-31,1158,810,809,1757839345.0089998,2885632250.0,0.005954437518539844,0.01977579124903427,150,170,85,93,153,158
2003-04-30,1166,816,815,1689829799.79,2836528794.0,0.007275544199029812,0.024326738079720762,147,180,81,98,145,164
2003-05-31,1170,819,818,1559190279.5519998,2731805927.88,0.0017490308539011674,0.006923748416779076,157,171,81,89,155,165
2003-06-30,1167,817,816,1628242324.032,2820901220.0,0.0015987584477994885,0.006593462141210638,157,169,82,88,157,163
2003-07-31,1171,819,818,1518300000.0,2618182420.0,0.0017547670075590673,0.007161733536686476,160,166,83,86,160,163
2003-08-31,1180,826,825,1438285511.136,2520107820.0,0.0020363641552280693,0.008786172869798946,155,164,94,93,165,154
2003-09-30,1186,830,829,1404876921.3600001,2466304541.0899997,0.004423708264596692,0.01552442782320838,152,183,80,97,148,169
2003-10-31,1191,833,832,1344036084.3,2358371000.0,0.004760693847582944,0.016362765254532056,152,181,83,98,151,167
2003-11-30,1197,838,837,1214233528.0800002,2199394824.0,0.008350050275322235,0.026023705830780015,168,176,75,83,159,176
2003-12-31,1202,841,840,1221967422.795,2260965536.1000004,0.00823814444274761,0.025852467747047848,170,178,72,82,158,180
2004-01-31,1209,846,845,1183129712.7599998,2225419958.25,0.0084192006146935,0.025389243901003826,174,178,71,80,159,183
2004-02-29,1219,853,852,1278209353.24,2432423773.755,0.008108638038612823,0.023292540785069413,170,181,75,86,159,181
2004-03-31,1226,858,857,1404698641.5099998,2638044746.9999995,0.0076671406233826365,0.022823838186467153,166,184,79,91,159,178
2004-04-30,1230,861,860,1475041742.112,2742612000.0,0.00813368200105515,0.025072292513627407,164,183,83,94,161,175
2004-05-31,1227,859,858,1331631162.368,2507919000.0,0.0022370943762711963,0.008518678047852293,172,176,81,86,166,177
2004-06-30,1224,857,856,1313087059.1999998,2466569610.8,0.0022906350828379865,0.00880767826166853,170,179,79,87,163,178
2004-07-31,1229,860,859,1125635433.36,2126739046.8,0.0026517720025189596,0.009853502512760771,173,178,79,85,165,179
2004-08-31,1234,864,863,1063400406.414,2148300000.0,0.003014857006976801,0.012079086005647987,171,171,90,88,174,169
2004-09-30,1240,868,867,1015950537.326,1981407231.2600002,0.008026604158668153,0.02279345042541712,172,184,78,88,163,182
2004-10-31,1246,872,871,1079040580.0,2113511048.3999999,0.007866108891377704,0.021244662885173918,177,186,73,85,161,189
2004-11-30,1260,882,881,987774007.5,1942428300.0000002,0.012210643895709989,0.03288539196086455,179,177,85,86,174,180
2004-12-31,1273,891,890,1029049671.006,2011616165.585,0.011615900579214555,0.03237970478117028,172,192,81,95,164,186
2005-01-31,1298,908,907,938429999.9999999,1808783468.8000002,0.013383372051263031,0.03422171503708302,176,189,89,96,174,183
2005-02-28,1321,924,923,865382002.5600001,1652510000.0,0.014210449164250391,0.03667301882551729,177,193,92,100,176,185
2005-03-31,1330,931,930,947666000.0,1842350200.0,0.013055134339308787,0.0351589103332464,180,197,88,99,175,191
2005-04-30,1338,936,935,807335000.0,1621043965.3500001,0.016266278177831474,0.044758596454460585,190,188,90,91,185,191
2005-05-31,1338,936,935,715533200.5069999,1531720000.0,0.0037997279521439194,0.012197656276497998,172,202,94,109,171,187
2005-06-30,1318,922,921,714150000.0,1462455000.0,0.0038382252879789365,0.013208090111945014,168,199,94,109,168,183
2005-07-31,1286,900,899,699520000.0,1427904000.0,0.003854002992013176,0.01287146996590782,169,193,88,101,166,182
2005-08-31,1301,910,909,630070539.84,1325912440.0,0.004755026671359531,0.015857978262971653,168,194,93,105,169,180
2005-09-30,1302,911,910,750528040.0,1488778115.18,0.008555434822967386,0.024859336521680642,175,194,86,98,170,187
2005-10-31,1263,884,883,756408000.0,1552694000.0,0.008716744751244242,0.024743955133049306,165,188,89,100,165,176
2005-11-30,1199,839,838,682104504.612,1407388490.0,0.011395466203872556,0.03715212613851245,163,177,79,89,157,173
2005-12-31,1176,823,823,694790000.0,1390959412.0799997,0.011266569919902197,0.038453878884716075,159,172,81,88,157,166
2006-01-31,1162,813,813,676439243.8560001,1387360000.0,0.011230563843528548,0.03799304495824615,158,165,84,86,160,160
2006-02-28,1130,791,790,723468354.032,1533269912.685,0.011097447392902368,0.036421814347276454,152,157,86,85,159,151
2006-03-31,1125,787,786,732061043.492,1471516592.15,0.010993394072747742,0.038786746640618215,152,146,95,84,168,141
2006-04-30,1056,739,738,707510162.5949999,1428313258.8400002,0.011888952014917681,0.04418375299390209,141,140,88,81,154,134
2006-05-31,1049,734,733,721389964.2,1577524909.5200002,0.002748404079780192,0.011595155725738783,133,161,73,87,132,147
2006-06-30,1035,724,723,945054687.096,2000310000.0,0.0023395390562618024,0.01050552144827449,134,149,79,83,140,138
2006-07-31,1086,760,759,1005932951.3400002,2158650000.0,0.0024514970918747647,0.010216741473368204,143,154,83,85,149,145
2006-08-31,1111,777,776,971465802.0,2071572268.8200002,0.002830747823599559,0.012837124344303364,146,152,90,87,158,143
2006-09-30,1189,832,831,974192371.2,2074846262.4,0.0070801819014947335,0.022063059769642124,169,170,77,81,161,173
2006-10-31,1227,859,858,1014163000.248,2162790000.0,0.006212682755223362,0.021020074067914625,166,172,91,92,170,167
2006-11-30,1229,860,859,979757999.9999999,2121168000.0,0.010115191233465179,0.03220822409117856,180,164,86,78,179,172
2006-12-31,1238,866,865,994038721.967,2300917818.9600005,0.009788691479342608,0.030841317817142843,174,164,95,86,181,165
2007-01-31,1207,845,844,1013010309.1520001,2415117100.8,0.010157681990587334,0.028164624587565582,169,155,98,84,183,155
2007-02-28,1213,849,848,1327843132.0,2976832555.52,0.007814595218465266,0.02364605923718141,172,152,100,83,186,155
2007-03-31,1250,875,874,1577726000.0,3464042000.0,0.006788640163412714,0.021330445109776802,171,164,102,91,186,160
2007-04-30,1260,882,881,1909047075.04,3955000000.0,0.005918137986073475,0.021054910173022273,180,166,95,85,185,170
2007-05-31,1280,896,895,2545340574.25,5459757312.0,0.0013613406935707032,0.0055158339601841435,176,186,86,93,171,183
2007-06-30,1250,875,874,2734426580.6,6014726992.974999,0.0013364477321872968,0.005202303768041502,164,185,88,98,165,174
2007-07-31,1285,899,898,2085660444.456,5012356186.0,0.0016311947219219576,0.005900247471814257,178,176,95,92,182,175
2007-08-31,1306,914,913,2648392297.0249996,6115200000.0,0.0014239418627543497,0.005962127333221014,184,173,100,90,192,174
2007-09-30,1291,903,902,2858451610.7799997,6761793223.099999,0.003507529647551025,0.010071292129096706,179,179,93,92,181,178
2007-10-31,1306,914,913,2921568446.09,6915569378.000001,0.0032754031260916637,0.009593423764966894,179,180,98,95,185,176
2007-11-30,1306,914,913,2555303000.0,6120000000.0,0.006288328037291099,0.016535452065402634,184,170,103,90,195,171
2007-12-31,1317,922,921,2464848632.036,5763816000.0,0.007076615986681062,0.018451298283615334,190,172,99,87,195,178
2008-01-31,1312,918,917,2942655694.0460005,7039699762.2,0.005843837165070729,0.015359609302706002,188,173,98,87,194,177
2008-02-29,1328,929,928,2785335234.602,6633468944.16,0.0062756224005590805,0.016545631939823956,191,173,100,88,197,179
2008-03-31,1349,944,943,3074677202.88,7091683163.749999,0.005969021265405664,0.01607349143920045,198,178,96,85,199,187
2008-04-30,1363,954,953,2457358301.73,5576939035.8,0.00867587267953687,0.0233468536883671,194,187,96,92,194,190
2008-05-31,1365,955,954,2244239772.216,5358711700.559999,0.00201964755744183,0.00720899934709406,200,191,86,86,191,200
2008-06-30,1363,954,953,2234144880.0,5316646549.75,0.002140252428171531,0.007619317856353052,202,186,89,84,195,197
2008-07-31,1396,977,976,1608196513.16,3964990583.79,0.002881760466077318,0.010035652581579544,202,192,94,91,198,199
2008-08-31,1429,1000,999,1768492464.6239998,4241202694.4,0.0027000448177458996,0.010730526283390714,207,195,98,93,204,202
2008-09-30,1449,1014,1013,1320098080.0,3200874591.39,0.00955490500148148,0.025986177569226533,216,192,99,88,213,205
2008-10-31,1455,1018,1017,1203086477.632,2886832959.9999995,0.010189782283188249,0.02794174267273323,215,184,110,90,223,195
2008-11-30,1461,1022,1021,874042822.4,2094807744.0,0.018626051845955182,0.052863246681962815,206,195,110,101,212,197
2008-12-31,1479,1035,1034,1050138016.346,2499198448.97,0.015523287870027791,0.044457634578680405,207,204,106,103,210,204
2009-01-31,1498,1048,1047,1133077148.99,2648332800.0000005,0.01478678986392703,0.04253013187496605,214,200,110,100,219,204
2009-02-28,1517,1062,1061,1309388897.28,3059679435.2400002,0.012989980054909561,0.03698709260902315,215,215,101,104,208,218
2009-03-31,1520,1064,1063,1431825132.696,3326284031.5000005,0.011498019349733837,0.034774902105269206,213,220,99,106,205,220
2009-04-30,1530,1071,1070,1765117430.0,4025128276.48,0.009423699006132274,0.031086109944433914,214,220,101,107,208,220
2009-05-31,1516,1061,1060,1905750000.0,4309097221.115,0.0006258481600043623,0.006292156025261971,199,224,107,119,200,211
2009-06-30,1513,1059,1058,2026986483.116,4508464763.37,0.0004970675667468292,0.0060469629737323815,200,218,111,118,204,207
2009-07-31,1522,1065,1064,2135486254.2380002,4673421630.735,0.00043258086870008757,0.005949752108127137,200,217,115,119,209,204
2009-08-31,1516,1061,1060,2442222352.8450003,5459947885.25,0.0004326823161413805,0.005969372600814882,194,208,128,124,216,190
2009-09-30,1520,1064,1063,2076531979.04,4526676000.0,0.0029127076900152655,0.015629734083296726,203,223,106,116,202,213
2009-10-31,1523,1066,1065,2107236813.8599997,4753800248.5,0.0029634053669135474,0.014642717585056853,212,216,105,108,209,215
2009-11-30,1527,1069,1068,2371225560.0,5325738574.85,0.005059144271362951,0.0210206674784137,209,218,107,112,208,214
2009-12-31,1529,1070,1069,2761256209.4,6215166739.32,0.004752564894294896,0.018480710745263997,216,218,101,105,209,220
2010-01-31,1536,1075,1074,2809582683.165,6317123893.54,0.005036341461822438,0.017869327130077925,214,223,100,108,207,222
2010-02-28,1536,1075,1074,2802831000.0,6216968581.56,0.005316466152244209,0.01831793581501718,215,226,96,107,204,226
2010-03-31,1549,1084,1083,3018859434.7360005,6607695499.999999,0.004966871178476026,0.01868412393753202,214,227,101,111,206,224
2010-04-30,1560,1092,1091,3143277532.827,6866097000.0,0.00634047529394484,0.021814884940184003,224,231,91,104,204,237
2010-05-31,1584,1109,1108,2868832610.116,6404957878.25,0.0019528075819839122,0.007478768978447394,238,227,89,95,215,244
2010-06-30,1596,1116,1115,2646000000.0,5914704000.0,0.002050236668508127,0.008046039331212293,243,218,97,92,227,238
2010-07-31,1615,1130,1129,2414092196.2839994,5255188250.000001,0.0022777062467577705,0.008807704270952921,245,228,92,94,223,247
2010-08-31,1652,1156,1155,2799352064.488,5971000000.0,0.002361770128457383,0.00893256983038084,241,238,99,106,223,248
2010-09-30,1673,1171,1169,3057211600.0,6555469814.82,0.005282874085473057,0.01558093963363626,250,240,95,101,227,256
2010-10-31,1704,1193,1191,3042108385.8239994,6599868177.0,0.005336707128268583,0.015140555529759262,250,242,104,108,233,254
2010-11-30,1734,1214,1212,3307830867.905,7239276488.82,0.007479857396452004,0.02073925642136892,251,247,108,113,237,256
2010-12-31,1770,1239,1237,3355301003.678,7167924835.290001,0.007542355427004036,0.020202367306743702,250,260,109,121,235,262
2011-01-31,1796,1257,1255,3288955767.0000005,7045272000.0,0.008283158742153943,0.02057961809275643,252,261,115,125,240,262
2011-02-28,1819,1273,1271,3110103117.072,6547656000.0,0.008856265276681511,0.022020259243849774,257,271,108,125,236,274
2011-03-31,1838,1286,1284,3432342746.752,7212825857.25,0.008308789424278625,0.02047286250768816,261,271,110,124,243,275
2011-04-30,1849,1294,1292,3392444379.52,6984650785.900001,0.010259380380822244,0.02545704318244169,255,284,107,133,232,281
2011-05-31,1885,1319,1317,3265872767.7599998,6733552800.0,0.0022797002031137515,0.007830355448006806,254,291,114,141,236,281
2011-06-30,1908,1335,1333,2987589000.0,6267600000.0,0.002569699701310562,0.008442626630776493,254,303,110,146,230,290
2011-07-31,1946,1362,1360,3060372107.7500005,6435981932.999999,0.002456624343019087,0.008153463476747665,259,313,108,149,231,300
2011-08-31,1981,1386,1384,3128000000.0,6603022781.275,0.0027588697874697987,0.009105247492776662,263,308,121,152,246,294
2011-09-30,2011,1407,1405,3031551000.0,6245973600.0,0.0071151721418456545,0.01753381775931148,276,298,129,146,263,293
2011-10-31,2044,1431,1429,2697212000.0,5478225750.0,0.00798699910703548,0.01985682577540653,282,304,129,147,267,300
2011-11-30,2062,1443,1441,2771156347.1999993,5524800000.0,0.01153417443544813,0.02804149939960321,283,307,131,150,268,302
2011-12-31,2084,1459,1457,2629958960.8880005,5307050000.0,0.011912510741928206,0.02875688719354091,282,308,139,155,275,298
2012-01-31,2118,1482,1480,2164212499.9999995,4471497225.165,0.014528613289420816,0.03448358040900444,279,321,140,165,271,304
2012-02-29,2135,1494,1492,2095391999.9999998,4385570000.0,0.014844534144280547,0.03451614686097878,279,322,145,169,274,303
2012-03-31,2147,1503,1501,2398528000.0,4979200000.0,0.013056877314648505,0.03168102282432161,282,323,146,169,276,305
2012-04-30,2174,1522,1520,2179252740.0,4590555917.014999,0.016196117182057074,0.038630734257787194,299,314,147,157,294,309
2012-05-31,2187,1531,1529,2332458527.36,4903947692.139999,0.001954510434135607,0.00859278111528068,287,330,148,172,281,311
2012-06-30,2208,1545,1543,2344246590.0,4938550200.000001,0.0020055382630087978,0.008366674403464969,285,336,151,178,281,312
2012-07-31,2234,1564,1562,2170012455.5849996,4597757664.155,0.002252376492000292,0.008859800805847869,291,335,155,178,289,314
2012-08-31,2254,1578,1576,1949773968.0000002,4159123246.9100003,0.0027130954656094395,0.010831891110003641,300,325,163,173,305,310
2012-09-30,2270,1589,1587,2025564034.196,4251310786.8400006,0.007248902436158942,0.020623886307321305,307,324,163,169,311,313
2012-10-31,2298,1608,1606,2024247424.2780004,4244860870.7999997,0.007483607247910194,0.020482035697564422,299,337,167,183,305,315
2012-11-30,2309,1616,1614,2021424871.3199997,4221445594.8200006,0.01031358598946651,0.031428867114091284,308,332,167,176,314,317
2012-12-31,2333,1633,1631,1788008256.0000002,3734640000.0,0.011697807152412653,0.03563280122790356,309,336,171,181,315,319
2013-01-31,2346,1642,1640,2067869981.2649999,4367102400.0,0.010256892779810987,0.030226768695087055,302,344,174,190,312,318
2013-02-28,2353,1647,1645,2193855257.6,4590149002.78,0.00960836844790173,0.028741204313974575,298,347,178,196,310,316
2013-03-31,2373,1661,1659,2308558251.966,4780372112.0,0.00925789431108942,0.028056573940344456,307,344,179,191,319,319
2013-04-30,2380,1666,1664,2252841900.0,4548926964.65,0.010682183375099099,0.03300717508419458,310,338,184,189,328,315
2013-05-31,2375,1662,1660,2138950844.9999998,4532543380.360001,0.0021520887491591235,0.009364383482318961,317,354,159,181,310,339
2013-06-30,2366,1656,1655,2474444815.6800003,5308592000.0,0.0019344331689439742,0.008390883393688946,317,352,159,180,309,338
2013-07-31,2339,1637,1636,2059720000.0,4459622752.1,0.0022416134636903517,0.01002088941998032,310,345,163,181,309,328
2013-08-31,2327,1629,1627,2186807944.1779995,4752453729.0199995,0.002249955945469412,0.010549330845457847,307,339,168,181,312,320
2013-09-30,2335,1634,1633,2377934000.0,5144508792.839999,0.005556755808365818,0.019716266317229048,314,328,175,176,325,315
2013-10-31,2347,1643,1642,2493970521.6,5454200262.15,0.005201078670268201,0.018665213174422213,314,331,176,179,325,317
2013-11-30,2339,1637,1636,2427990236.7060003,5242599751.29,0.008158621425853517,0.0295016550465032,319,327,172,172,327,319
2013-12-31,2336,1635,1634,2717773101.09,5697690076.0,0.0074444591416487176,0.027329172264200462,315,328,174,175,326,316
2014-01-31,2329,1630,1629,2611883073.252,5535527811.0,0.008226899413898897,0.028060433349426823,311,328,176,178,323,313
2014-02-28,2327,1629,1628,2658318309.248,5740699388.91,0.007952109434568476,0.028294233010516222,291,343,180,198,307,309
2014-03-31,2329,1630,1629,2730688000.0,5865648714.040001,0.007746407563951439,0.02791689093337215,297,341,177,192,310,312
2014-04-30,2310,1617,1616,2684021542.216,5613518136.26,0.008711913605558912,0.033862146410682345,299,346,163,186,300,322
2014-05-31,2258,1580,1579,2689673804.158,5553572999.999999,0.001956281708878791,0.00911881060358681,292,339,159,182,292,315
2014-06-30,2238,1566,1566,2737048300.0,5738086482.75,0.001945427936990002,0.009072066579123343,279,343,161,191,283,309
2014-07-31,2231,1561,1561,2914430400.0,5934808502.999999,0.0018139077031037061,0.008738628139688695,287,332,162,182,291,307
2014-08-31,2250,1575,1575,3143238540.888,6467180720.88,0.0017809762457189759,0.008999244281125867,284,333,171,189,296,302
2014-09-30,2261,1582,1582,3296774045.83,6745669582.065,0.004503514647576387,0.016996909699156557,291,336,164,184,296,311
2014-10-31,2249,1574,1574,3866028650.316,7663166324.549999,0.0036180765622022618,0.015326165306357279,291,343,153,181,287,319
2014-11-30,2236,1565,1565,3978275713.74,7754890168.000001,0.005841366701112819,0.023208903795179515,295,342,146,175,283,324
2014-12-31,2241,1568,1568,4143780673.92,7994655874.41,0.005449758491770467,0.021925472620104015,290,345,149,181,281,322
2015-01-31,2222,1555,1555,3782036414.279,8019225264.770001,0.00589946980595384,0.0225272302736423,279,334,165,188,287,302
2015-02-28,2219,1553,1553,4072712780.0,8832174316.56,0.005596456311423044,0.020873244987975676,279,332,166,187,289,300
2015-03-31,2226,1558,1558,4350582086.950001,9376923212.599998,0.005426690789483099,0.019714809145557153,275,339,165,193,283,303
2015-04-30,2211,1547,1547,5543548173.28,11841382267.199999,0.004520190344640114,0.018262820245295488,275,333,166,189,286,298
2015-05-31,2168,1517,1517,6516984169.526001,13700914326.45,0.0005223047464063509,0.004110101461659412,272,324,163,183,283,292
2015-06-30,2151,1505,1505,8105252274.0,17388743168.0,0.0003820402607635925,0.003296845727954172,275,323,155,177,278,297
2015-07-31,2093,1465,1465,6992751330.400001,14973965110.8,0.0005143172027981708,0.003918745719897152,267,319,147,173,266,293
2015-08-31,1887,1321,1321,5368911564.128,12233381897.45,0.0008991826828489396,0.00553358628450479,244,286,131,153,241,266
2015-09-30,2069,1448,1448,4586941440.0,9949365263.64,0.0029445780670105336,0.013796375106636252,269,315,140,166,263,295
2015-10-31,2138,1496,1496,4401812310.282001,9638723396.8,0.003036393785541056,0.014243907362351683,277,322,149,172,276,300
2015-11-30,2182,1527,1527,5524488670.376,11850493708.800001,0.0036260662710299193,0.016511625533768195,281,325,158,177,286,300
2015-12-31,2306,1614,1614,6375789378.7,12918329531.65,0.0031272123837271797,0.014646277976735312,285,358,164,199,288,320
2016-01-31,2403,1682,1682,6937853630.783999,13607371065.36,0.0029298518224075798,0.014111692653146348,292,380,169,213,292,336
2016-02-29,2424,1697,1697,4812778067.294001,9469137599.999998,0.004454139695994041,0.020506698973181976,286,383,180,223,296,329
2016-03-31,2412,1688,1688,4672915425.0,9078685000.0,0.0043644869975482965,0.02086207783616155,301,365,178,206,309,329
2016-04-30,2380,1666,1666,5668001992.169999,11027837537.5,0.004097900134666769,0.019533325086115782,304,355,174,196,311,326
2016-05-31,2333,1633,1633,5714119910.400001,10960966041.75,0.0009810472763115907,0.005867891266427861,294,364,159,196,289,331
2016-06-30,2371,1659,1659,5606999940.3,11093814098.639997,0.0010601501009028305,0.006079616943774535,298,362,170,200,301,328
2016-07-31,2398,1678,1678,6032640249.216001,11733826901.850002,0.0011019975390566415,0.005703094250356773,300,365,174,204,305,330
2016-08-31,2461,1722,1722,5898472915.53,11606840575.92,0.001148741661792644,0.006089609903822921,307,374,180,210,314,337
2016-09-30,2520,1764,1764,6201349259.201,11972397633.09,0.003280873312085874,0.012520911439246466,323,398,161,206,308,368
2016-10-31,2529,1770,1770,6174363153.360001,11628360000.0,0.003374847288810246,0.012587059125159537,328,394,163,203,314,368
2016-11-30,2548,1783,1783,6399081484.65,12080267000.000002,0.00560711492287996,0.018723913260441975,329,398,165,206,315,370
2016-12-31,2565,1795,1795,6609156412.287999,12235344646.07,0.005184123584364675,0.017848445037085676,334,401,163,205,316,376
